"siteid","HydroBasin","Country","Region","SUB_AREA"
"G1012",7080047060,"USA","ILLINOIS",486
"G1013",7080047060,"USA","ILLINOIS",486
"G1014",7080047060,"USA","IOWA",486
"G1015",7080047060,"USA","IOWA",486
"G1016",7080047060,"USA","IOWA",486
"G1017",7080047060,"USA","IOWA",486
"G1020",7080047060,"USA","MISSOURI",486
"G1021",7080047060,"USA","MISSOURI",486
"G1022",7080047060,"USA","MISSOURI",486
"G1023",7080047060,"USA","MISSOURI",486
"G1024",7080047060,"USA","MISSOURI",486
"G1025",7080047060,"USA","MISSOURI",486
"G1026",7080047060,"USA","ILLINOIS",486
"G1027",7080047060,"USA","ILLINOIS",486
"G1028",7080047060,"USA","ILLINOIS",486
"G1029",7080047060,"USA","ILLINOIS",486
"G1030",7080047060,"USA","ILLINOIS",486
"G1031",7080047060,"USA","ILLINOIS",486
"G1032",7080047060,"USA","ILLINOIS",486
"G1033",7080047060,"USA","ILLINOIS",486
"G1034",7080047060,"USA","ILLINOIS",486
"G1035",7080047060,"USA","ILLINOIS",486
"G1036",7080047060,"USA","ILLINOIS",486
"G1037",7080047060,"USA","ILLINOIS",486
"G1038",7080047060,"USA","ILLINOIS",486
"G1039",7080047060,"USA","ILLINOIS",486
"G1040",7080047060,"USA","ILLINOIS",486
"G1041",7080047060,"USA","ILLINOIS",486
"G1042",7080047060,"USA","ILLINOIS",486
"G1043",7080047060,"USA","ILLINOIS",486
"G1044",7080047060,"USA","MISSOURI",486
"G1045",7080047060,"USA","MISSOURI",486
"G1046",7080047060,"USA","ILLINOIS",486
"G1047",7080047060,"USA","ILLINOIS",486
"G1048",7080047060,"USA","MISSOURI",486
"G1049",7080047060,"USA","MISSOURI",486
"G1050",7080047060,"USA","WISCONSIN",486
"G1051",7080047060,"USA","WISCONSIN",486
"G1052",7080047060,"USA","WISCONSIN",486
"G1053",7080047060,"USA","WISCONSIN",486
"G1054",7080047060,"USA","WISCONSIN",486
"G1055",7080047060,"USA","MINNESOTA",486
"G1056",7080047060,"USA","MINNESOTA",486
"G1058",7080047060,"USA","MINNESOTA",486
"G1059",7080047060,"USA","MINNESOTA",486
"G1060",7080047060,"USA","WISCONSIN",486
"G1061",7080047060,"USA","WISCONSIN",486
"G1062",7080047060,"USA","WISCONSIN",486
"G1063",7080047060,"USA","WISCONSIN",486
"G1064",7080047060,"USA","MINNESOTA",486
"G1065",7080047060,"USA","MINNESOTA",486
"G1066",7080047060,"USA","MINNESOTA",486
"G1067",7080047060,"USA","WISCONSIN",486
"G1068",7080047060,"USA","WISCONSIN",486
"G1069",7080047060,"USA","MINNESOTA",486
"G1070",7080047060,"USA","MINNESOTA",486
"G1071",7080047060,"USA","ILLINOIS",486
"G1072",7080047060,"USA","ILLINOIS",486
"G1073",7080047060,"USA","IOWA",486
"G1074",7080047060,"USA","IOWA",486
"G9014",7080034520,"CAN","ONTARIO",1567.3
"G10003",2080030160,"SWE","NORRBOTTEN",672
"G10016",2080030160,"SWE","NORRBOTTEN",672
"G10024",2080030160,"SWE","NORRBOTTEN",672
"G10029",2080030160,"SWE","NORRBOTTEN",672
"G10037",2080030220,"SWE","NORRBOTTEN",4427.8
"G10038",2080030160,"SWE","NORRBOTTEN",672
"G10040",2080030220,"SWE","NORRBOTTEN",4427.8
"G10043",2080030220,"SWE","NORRBOTTEN",4427.8
"G10046",2080030220,"SWE","NORRBOTTEN",4427.8
"G10050",2080030220,"SWE","NORRBOTTEN",4427.8
"G10058",2080030220,"SWE","NORRBOTTEN",4427.8
"G10061",2080030220,"SWE","NORRBOTTEN",4427.8
"G10062",2080030220,"SWE","NORRBOTTEN",4427.8
"G10064",2080030160,"SWE","NORRBOTTEN",672
"G10068",2080030160,"SWE","NORRBOTTEN",672
"G10074",2080030220,"SWE","NORRBOTTEN",4427.8
"G10076",2080032990,"SWE","HALLAND",436.1
"G10078",2080030160,"SWE","NORRBOTTEN",672
"G10081",2080030160,"SWE","NORRBOTTEN",672
"G10086",2080030160,"SWE","NORRBOTTEN",672
"G10088",2080030160,"SWE","NORRBOTTEN",672
"G10104",2080030160,"SWE","NORRBOTTEN",672
"G10105",2080030160,"SWE","NORRBOTTEN",672
"G10109",2080032990,"SWE","HALLAND",436.1
"G10120",2080032990,"SWE","HALLAND",436.1
"G10125",2080030160,"SWE","NORRBOTTEN",672
"G10130",2080030160,"SWE","NORRBOTTEN",672
"G10135",2080030100,"SWE","NORRBOTTEN",1943.7
"G10137",2080030100,"SWE","NORRBOTTEN",1943.7
"G10139",2080030160,"SWE","NORRBOTTEN",672
"G10143",2080030100,"SWE","NORRBOTTEN",1943.7
"G10145",2080030100,"SWE","NORRBOTTEN",1943.7
"G10149",2080030100,"SWE","NORRBOTTEN",1943.7
"G10164",2080030160,"SWE","NORRBOTTEN",672
"G10167",2080030160,"SWE","NORRBOTTEN",672
"G10168",2080030100,"SWE","NORRBOTTEN",1943.7
"G10170",2080030160,"SWE","NORRBOTTEN",672
"G10172",2080030160,"SWE","NORRBOTTEN",672
"G10173",2080030160,"SWE","NORRBOTTEN",672
"G10175",2080030100,"SWE","NORRBOTTEN",1943.7
"G10179",2080030160,"SWE","NORRBOTTEN",672
"G10180",2080030160,"SWE","NORRBOTTEN",672
"G10181",2080030160,"SWE","NORRBOTTEN",672
"G10184",2080030160,"SWE","NORRBOTTEN",672
"G10186",2080030160,"SWE","NORRBOTTEN",672
"G10189",2080030100,"SWE","NORRBOTTEN",1943.7
"G10191",2080030160,"SWE","NORRBOTTEN",672
"G10200",2080030160,"SWE","NORRBOTTEN",672
"G10203",2080030100,"SWE","NORRBOTTEN",1943.7
"G10206",2080030100,"SWE","NORRBOTTEN",1943.7
"G10224",2080030100,"SWE","NORRBOTTEN",1943.7
"G10232",2080030100,"SWE","NORRBOTTEN",1943.7
"G10233",2080030100,"SWE","NORRBOTTEN",1943.7
"G10234",2080030100,"SWE","NORRBOTTEN",1943.7
"G10239",2080030100,"SWE","NORRBOTTEN",1943.7
"G10240",2080030100,"SWE","NORRBOTTEN",1943.7
"G10241",2080030100,"SWE","NORRBOTTEN",1943.7
"G10242",2080030100,"SWE","NORRBOTTEN",1943.7
"G10244",2080030100,"SWE","NORRBOTTEN",1943.7
"G10245",2080030100,"SWE","NORRBOTTEN",1943.7
"G10246",2080030100,"SWE","NORRBOTTEN",1943.7
"G10247",2080030100,"SWE","NORRBOTTEN",1943.7
"G10250",2080032350,"SWE","KALMAR",113.8
"G10258",2080033010,"SWE","HALLAND",1161.7
"G10259",2080033010,"SWE","HALLAND",1161.7
"G10261",2080033010,"SWE","HALLAND",1161.7
"G10262",2080033020,"SWE","HALLAND",660.4
"G10266",2080033020,"SWE","HALLAND",660.4
"G10267",2080033010,"SWE","HALLAND",1161.7
"G10269",2080033020,"SWE","HALLAND",660.4
"G10272",2080033020,"SWE","HALLAND",660.4
"G10275",2080033020,"SWE","HALLAND",660.4
"G10276",2080033020,"SWE","HALLAND",660.4
"G10277",2080033010,"SWE","HALLAND",1161.7
"G10282",2080033020,"SWE","HALLAND",660.4
"G10292",2080033020,"SWE","HALLAND",660.4
"G10293",2080032680,"SWE","SKANE",2723.8
"G10297",2080032680,"SWE","SKANE",2723.8
"G10300",2080033020,"SWE","HALLAND",660.4
"G10302",2080033010,"SWE","KRONOBERG",1161.7
"G10308",2080033090,"SWE","HALLAND",646.8
"G10313",2080033020,"SWE","HALLAND",660.4
"G10319",2080033020,"SWE","HALLAND",660.4
"G10322",2080033020,"SWE","HALLAND",660.4
"G10328",2080033020,"SWE","HALLAND",660.4
"G10330",2080033020,"SWE","HALLAND",660.4
"G10334",2080033020,"SWE","HALLAND",660.4
"G10337",2080033020,"SWE","HALLAND",660.4
"G10342",2080033020,"SWE","HALLAND",660.4
"G10343",2080033090,"SWE","HALLAND",646.8
"G10345",2080033020,"SWE","HALLAND",660.4
"G10347",2080033020,"SWE","HALLAND",660.4
"G10353",2080033080,"SWE","HALLAND",2588.5
"G10355",2080033080,"SWE","HALLAND",2588.5
"G10358",2080033080,"SWE","HALLAND",2588.5
"G10359",2080033080,"SWE","HALLAND",2588.5
"G10361",2080033080,"SWE","HALLAND",2588.5
"G10362",2080033090,"SWE","HALLAND",646.8
"G10363",2080033020,"SWE","HALLAND",660.4
"G10365",2080033090,"SWE","HALLAND",646.8
"G10367",2080033080,"SWE","HALLAND",2588.5
"G10371",2080032670,"SWE","KRONOBERG",248.9
"G10375",2080033080,"SWE","HALLAND",2588.5
"G10380",2080033090,"SWE","HALLAND",646.8
"G10382",2080032670,"SWE","KRONOBERG",248.9
"G10384",2080033090,"SWE","HALLAND",646.8
"G10395",2080033090,"SWE","HALLAND",646.8
"G10397",2080033090,"SWE","HALLAND",646.8
"G10406",2080032280,"SWE","KALMAR",1543.9
"G10409",2080033090,"SWE","HALLAND",646.8
"G10410",2080032280,"SWE","KALMAR",1543.9
"G10426",2080032280,"SWE","KRONOBERG",1543.9
"G10431",2080032280,"SWE","KRONOBERG",1543.9
"G10438",2080033120,"SWE","HALLAND",273.5
"G10444",2080033120,"SWE","HALLAND",273.5
"G10446",2080033120,"SWE","HALLAND",273.5
"G10452",2080033130,"SWE","HALLAND",560.3
"G10464",2080033120,"SWE","HALLAND",273.5
"G10468",2080033080,"SWE","HALLAND",2588.5
"G10470",2080033130,"SWE","HALLAND",560.3
"G10479",2080033120,"SWE","HALLAND",273.5
"G10481",2080033120,"SWE","HALLAND",273.5
"G10486",2080033120,"SWE","HALLAND",273.5
"G10497",2080032230,"SWE","KALMAR",90.2
"G10509",2080032230,"SWE","KALMAR",90.2
"G10512",2080033120,"SWE","HALLAND",273.5
"G10517",2080033120,"SWE","HALLAND",273.5
"G10520",2080033120,"SWE","HALLAND",273.5
"G10527",2080033120,"SWE","HALLAND",273.5
"G10538",2080033120,"SWE","HALLAND",273.5
"G10545",2080033130,"SWE","HALLAND",560.3
"G10550",2080033130,"SWE","HALLAND",560.3
"G10556",2080033120,"SWE","HALLAND",273.5
"G10561",2080033120,"SWE","HALLAND",273.5
"G10567",2080032230,"SWE","KALMAR",90.2
"G10568",2080033120,"SWE","HALLAND",273.5
"G10585",2080033120,"SWE","HALLAND",273.5
"G10590",2080032230,"SWE","JONKOPING",90.2
"G10595",2080033120,"SWE","HALLAND",273.5
"G10607",2080033190,"SWE","HALLAND",2177
"G10626",2080033190,"SWE","HALLAND",2177
"G10653",2080033200,"SWE","HALLAND",1906.6
"G10691",2080032230,"SWE","JONKOPING",90.2
"G10696",2080032230,"SWE","JONKOPING",90.2
"G10700",2080033010,"SWE","JONKOPING",1161.7
"G10723",2080033080,"SWE","JONKOPING",2588.5
"G10739",2080032230,"SWE","JONKOPING",90.2
"G10752",2080033190,"SWE","VASTRA GOTALAND",2177
"G10761",2080033190,"SWE","VASTRA GOTALAND",2177
"G10762",2080032680,"SWE","SKANE",2723.8
"G10764",2080033190,"SWE","VASTRA GOTALAND",2177
"G10788",2080033190,"SWE","VASTRA GOTALAND",2177
"G10794",2080033200,"SWE","HALLAND",1906.6
"G10797",2080033200,"SWE","HALLAND",1906.6
"G10800",2080033010,"SWE","JONKOPING",1161.7
"G10804",2080033190,"SWE","VASTRA GOTALAND",2177
"G10807",2080033200,"SWE","HALLAND",1906.6
"G10808",2080033200,"SWE","HALLAND",1906.6
"G10813",2080033190,"SWE","VASTRA GOTALAND",2177
"G10821",2080033010,"SWE","JONKOPING",1161.7
"G10826",2080033010,"SWE","JONKOPING",1161.7
"G10828",2080033010,"SWE","JONKOPING",1161.7
"G10846",2080033080,"SWE","JONKOPING",2588.5
"G10853",2080033200,"SWE","HALLAND",1906.6
"G10855",2080033190,"SWE","VASTRA GOTALAND",2177
"G10859",2080033200,"SWE","VASTRA GOTALAND",1906.6
"G10867",2080033190,"SWE","VASTRA GOTALAND",2177
"G10886",2080033190,"SWE","VASTRA GOTALAND",2177
"G10894",2080033200,"SWE","VASTRA GOTALAND",1906.6
"G10895",2080033080,"SWE","JONKOPING",2588.5
"G10913",2080033080,"SWE","VASTRA GOTALAND",2588.5
"G10926",2080033200,"SWE","VASTRA GOTALAND",1906.6
"G10950",2080033080,"SWE","JONKOPING",2588.5
"G10960",2080033190,"SWE","VASTRA GOTALAND",2177
"G10965",2080033200,"SWE","VASTRA GOTALAND",1906.6
"G10967",2080033200,"SWE","VASTRA GOTALAND",1906.6
"G10973",2080033200,"SWE","VASTRA GOTALAND",1906.6
"G10978",2080032230,"SWE","OSTERGOTLAND",90.2
"G10980",2080032870,"SWE","SKANE",956.4
"G10982",2080033200,"SWE","VASTRA GOTALAND",1906.6
"G10988",2080033080,"SWE","JONKOPING",2588.5
"G10994",2080033080,"SWE","JONKOPING",2588.5
"G10995",2080033080,"SWE","JONKOPING",2588.5
"G11025",2080033080,"SWE","JONKOPING",2588.5
"G11059",2080033290,"SWE","VASTRA GOTALAND",1641.5
"G11069",2080033200,"SWE","VASTRA GOTALAND",1906.6
"G11080",2080033290,"SWE","VASTRA GOTALAND",1641.5
"G11091",2080032870,"SWE","SKANE",956.4
"G11095",2080033290,"SWE","VASTRA GOTALAND",1641.5
"G11096",2080032680,"SWE","SKANE",2723.8
"G11105",2080033200,"SWE","VASTRA GOTALAND",1906.6
"G11148",2080033320,"SWE","VASTRA GOTALAND",949
"G11165",2080032870,"SWE","SKANE",956.4
"G11171",2080031960,"SWE","VASTRA GOTALAND",522.9
"G11213",2080031960,"SWE","JONKOPING",522.9
"G11218",2080033320,"SWE","VASTRA GOTALAND",949
"G11220",2080033320,"SWE","VASTRA GOTALAND",949
"G11233",2080033330,"SWE","VASTRA GOTALAND",1838.9
"G11239",2080033320,"SWE","VASTRA GOTALAND",949
"G11253",2080033330,"SWE","VASTRA GOTALAND",1838.9
"G11257",2080033330,"SWE","VASTRA GOTALAND",1838.9
"G11263",2080033330,"SWE","VASTRA GOTALAND",1838.9
"G11264",2080033330,"SWE","VASTRA GOTALAND",1838.9
"G11273",2080033320,"SWE","VASTRA GOTALAND",949
"G11302",2080033330,"SWE","VASTRA GOTALAND",1838.9
"G11367",2080033330,"SWE","VASTRA GOTALAND",1838.9
"G11372",2080033400,"SWE","VASTRA GOTALAND",1351.6
"G11374",2080033400,"SWE","VASTRA GOTALAND",1351.6
"G11375",2080033400,"SWE","VASTRA GOTALAND",1351.6
"G11376",2080033400,"SWE","VASTRA GOTALAND",1351.6
"G11377",2080033400,"SWE","VASTRA GOTALAND",1351.6
"G11429",2080032970,"SWE","SKANE",1895.9
"G11440",2080033320,"SWE","VASTRA GOTALAND",949
"G11447",2080032970,"SWE","SKANE",1895.9
"G11465",2080033450,"SWE","VASTRA GOTALAND",265.6
"G11473",2080033450,"SWE","VASTRA GOTALAND",265.6
"G11476",2080033450,"SWE","VASTRA GOTALAND",265.6
"G11479",2080033450,"SWE","VASTRA GOTALAND",265.6
"G11480",2080033450,"SWE","VASTRA GOTALAND",265.6
"G11502",2080033320,"SWE","VASTRA GOTALAND",949
"G11529",2080032600,"SWE","BLEKINGE",345.7
"G11607",2080032680,"SWE","SKANE",2723.8
"G11719",2080032600,"SWE","BLEKINGE",345.7
"G11864",2080032410,"SWE","BLEKINGE",778.2
"G11877",2080032680,"SWE","SKANE",2723.8
"G11971",2080032600,"SWE","BLEKINGE",345.7
"G12145",2080032600,"SWE","BLEKINGE",345.7
"G12154",2080031470,"SWE","GAVLEBORG",2010.5
"G3044",2080050510,"GBR","ENGLAND",1062.7
"G3205",2080050510,"GBR","ENGLAND",1062.7
"G351",2080029400,"FIN","WESTERN FINLAND",1038.7
"G353",2080029400,"FIN","WESTERN FINLAND",1038.7
"G450",2080029400,"FIN","WESTERN FINLAND",1038.7
"G4522",2080049290,"GBR","ENGLAND",960.3
"G4541",2080049290,"GBR","ENGLAND",960.3
"G464",2080029400,"FIN","WESTERN FINLAND",1038.7
"G468",2080029400,"FIN","WESTERN FINLAND",1038.7
"G518",2080029400,"FIN","WESTERN FINLAND",1038.7
"G5289",2080053670,"GBR","ENGLAND",901.2
"G5537",2080053790,"GBR","ENGLAND",1138.5
"G555",2080029400,"FIN","WESTERN FINLAND",1038.7
"G562",2080029400,"FIN","WESTERN FINLAND",1038.7
"G568",2080029400,"FIN","WESTERN FINLAND",1038.7
"G5689",2080053260,"GBR","ENGLAND",56.9
"G578",2080029400,"FIN","WESTERN FINLAND",1038.7
"G7264",2080021030,"FRA","AUVERGNE",155.9
"G7265",2080021030,"FRA","AUVERGNE",155.9
"G7267",2080021030,"FRA","AUVERGNE",155.9
"G7272",2080021030,"FRA","AUVERGNE",155.9
"G7280",2080020620,"FRA","AUVERGNE",551
"G7290",2080021030,"FRA","AUVERGNE",155.9
"G7293",2080021030,"FRA","AUVERGNE",155.9
"G7294",2080021030,"FRA","AUVERGNE",155.9
"G7299",2080021030,"FRA","AUVERGNE",155.9
"G7336",2080021030,"FRA","BASSE-NORMANDIE",155.9
"G7342",2080021970,"FRA","BASSE-NORMANDIE",1449.7
"G7343",2080021890,"FRA","BASSE-NORMANDIE",1319.7
"G7344",2080021860,"FRA","BASSE-NORMANDIE",763.7
"G7347",2080021860,"FRA","BASSE-NORMANDIE",763.7
"G7348",2080021820,"FRA","BASSE-NORMANDIE",468.7
"G7355",2080021800,"FRA","BASSE-NORMANDIE",1046
"G7357",2080021030,"FRA","BASSE-NORMANDIE",155.9
"G7358",2080021030,"FRA","BASSE-NORMANDIE",155.9
"G7361",2080022030,"FRA","BASSE-NORMANDIE",169.8
"G7369",2080021990,"FRA","BASSE-NORMANDIE",1958.4
"G7370",2080022080,"FRA","BASSE-NORMANDIE",1281.2
"G7372",2080022080,"FRA","BASSE-NORMANDIE",1281.2
"G7386",2080021970,"FRA","BASSE-NORMANDIE",1449.7
"G7438",2080016510,"FRA","BOURGOGNE",169.3
"G7454",2080023010,"FRA","ALSACE",3.8
"G7513",2080021310,"FRA","BRETAGNE",1077.9
"G7515",2080021300,"FRA","BRETAGNE",718
"G7516",2080021280,"FRA","BRETAGNE",208.6
"G7517",2080021350,"FRA","BRETAGNE",1789.2
"G7519",2080021360,"FRA","BRETAGNE",3063.8
"G7533",2080021780,"FRA","BRETAGNE",1112.1
"G7539",2080021560,"FRA","BRETAGNE",487.3
"G7543",2080021690,"FRA","BRETAGNE",596.9
"G7569",2080021220,"FRA","BRETAGNE",2054.1
"G7602",2080023010,"FRA","ALSACE",3.8
"G7701",2080022150,"FRA","CHAMPAGNE-ARDENNE",1953.2
"G7702",2080022970,"FRA","CHAMPAGNE-ARDENNE",728.6
"G7703",2080022970,"FRA","CHAMPAGNE-ARDENNE",728.6
"G7714",2080022970,"FRA","CHAMPAGNE-ARDENNE",728.6
"G7719",2080022970,"FRA","CHAMPAGNE-ARDENNE",728.6
"G7724",2080022150,"FRA","CHAMPAGNE-ARDENNE",1953.2
"G7725",2080022970,"FRA","CHAMPAGNE-ARDENNE",728.6
"G7731",2080022150,"FRA","CHAMPAGNE-ARDENNE",1953.2
"G7732",2080022150,"FRA","CHAMPAGNE-ARDENNE",1953.2
"G7734",2080022150,"FRA","CHAMPAGNE-ARDENNE",1953.2
"G7735",2080022150,"FRA","CHAMPAGNE-ARDENNE",1953.2
"G7736",2080022150,"FRA","CHAMPAGNE-ARDENNE",1953.2
"G7740",2080022150,"FRA","CHAMPAGNE-ARDENNE",1953.2
"G7743",2080022150,"FRA","CHAMPAGNE-ARDENNE",1953.2
"G7745",2080022150,"FRA","CHAMPAGNE-ARDENNE",1953.2
"G7746",2080022150,"FRA","CHAMPAGNE-ARDENNE",1953.2
"G7748",2080022150,"FRA","CHAMPAGNE-ARDENNE",1953.2
"G7756",2080022970,"FRA","CHAMPAGNE-ARDENNE",728.6
"G7791",2080023010,"FRA","ALSACE",3.8
"G7805",2080023010,"FRA","ALSACE",3.8
"G7881",2080023010,"FRA","ALSACE",3.8
"G7913",2080023010,"FRA","ALSACE",3.8
"G7922",2080022150,"FRA","ILE-DE-FRANCE",1953.2
"G7968",2080023010,"FRA","ALSACE",3.8
"G7986",2080016510,"FRA","LANGUEDOC-ROUSSILLON",169.3
"G8069",2080023010,"FRA","ALSACE",3.8
"G8091",2080021030,"FRA","LIMOUSIN",155.9
"G8096",2080021030,"FRA","LIMOUSIN",155.9
"G8117",2080023010,"FRA","ALSACE",3.8
"G8121",2080022970,"FRA","LORRAINE",728.6
"G8122",2080022970,"FRA","LORRAINE",728.6
"G8126",2080022150,"FRA","LORRAINE",1953.2
"G8127",2080022970,"FRA","LORRAINE",728.6
"G8128",2080023010,"FRA","LORRAINE",3.8
"G8134",2080023010,"FRA","LORRAINE",3.8
"G8140",2080023010,"FRA","LORRAINE",3.8
"G8143",2080023010,"FRA","LORRAINE",3.8
"G8145",2080023010,"FRA","LORRAINE",3.8
"G8170",2080023010,"FRA","LORRAINE",3.8
"G8173",2080023010,"FRA","LORRAINE",3.8
"G8175",2080023010,"FRA","LORRAINE",3.8
"G8176",2080023010,"FRA","LORRAINE",3.8
"G8178",2080022970,"FRA","LORRAINE",728.6
"G8179",2080023010,"FRA","LORRAINE",3.8
"G8181",2080023010,"FRA","LORRAINE",3.8
"G8184",2080023010,"FRA","LORRAINE",3.8
"G8185",2080023010,"FRA","LORRAINE",3.8
"G8205",2080023010,"FRA","ALSACE",3.8
"G8215",2080023010,"FRA","ALSACE",3.8
"G8255",2080020620,"FRA","MIDI-PYRENEES",551
"G8266",2080020590,"FRA","MIDI-PYRENEES",202.9
"G8275",2080020590,"FRA","MIDI-PYRENEES",202.9
"G8280",2080020590,"FRA","MIDI-PYRENEES",202.9
"G8293",2080020590,"FRA","MIDI-PYRENEES",202.9
"G8303",2080020590,"FRA","MIDI-PYRENEES",202.9
"G8306",2080020590,"FRA","MIDI-PYRENEES",202.9
"G8308",2080020590,"FRA","MIDI-PYRENEES",202.9
"G8320",2080020590,"FRA","MIDI-PYRENEES",202.9
"G8325",2080020330,"FRA","MIDI-PYRENEES",44.4
"G8349",2080023010,"FRA","ALSACE",3.8
"G8427",2080020590,"FRA","AQUITAINE",202.9
"G8441",2080021030,"FRA","PAYS DE LA LOIRE",155.9
"G8442",2080021030,"FRA","PAYS DE LA LOIRE",155.9
"G8466",2080021030,"FRA","PAYS DE LA LOIRE",155.9
"G8504",2080020330,"FRA","AQUITAINE",44.4
"G8519",2080022150,"FRA","PICARDIE",1953.2
"G8567",2080020730,"FRA","POITOU-CHARENTES",666.7
"G8568",2080020790,"FRA","POITOU-CHARENTES",370.2
"G8569",2080021030,"FRA","POITOU-CHARENTES",155.9
"G8680",2080016510,"FRA","RHONE-ALPES",169.3
"G8724",2080023010,"FRA","ALSACE",3.8
"G8847",2080020010,"ESP","PAIS VASCO",2486.5
"G8849",2080020240,"ESP","PAIS VASCO",886.1
"G8871",2080020120,"ESP","PAIS VASCO",1791.4
"G8873",2080017150,"ESP","PAIS VASCO",255.7
"G8877",2080020120,"ESP","PAIS VASCO",1791.4
"G8884",2080017150,"ESP","PAIS VASCO",255.7
"G8888",2080017150,"ESP","PAIS VASCO",255.7
"G8902",2080020130,"ESP","PAIS VASCO",780.8
"G8910",2080020120,"ESP","PAIS VASCO",1791.4
"G8916",2080020120,"ESP","PAIS VASCO",1791.4
"G8917",2080020120,"ESP","PAIS VASCO",1791.4
"G8922",2080020120,"ESP","PAIS VASCO",1791.4
"G8926",2080020240,"ESP","PAIS VASCO",886.1
"G8932",2080020120,"ESP","PAIS VASCO",1791.4
"G9128",2080032600,"SWE","BLEKINGE",345.7
"G9206",2080031490,"SWE","DALARNA",742.9
"G9275",2080031310,"SWE","GAVLEBORG",2258.5
"G9276",2080031310,"SWE","GAVLEBORG",2258.5
"G9278",2080031310,"SWE","GAVLEBORG",2258.5
"G9296",2080031490,"SWE","DALARNA",742.9
"G9327",2080031410,"SWE","JAMTLAND",1048.4
"G9357",2080031070,"SWE","VASTERNORRLAND",1654.6
"G9366",2080031160,"SWE","VASTERNORRLAND",1.2
"G9379",2080031210,"SWE","JAMTLAND",311.4
"G9389",2080031160,"SWE","VASTERNORRLAND",1.2
"G9391",2080031160,"SWE","VASTERNORRLAND",1.2
"G9393",2080031210,"SWE","JAMTLAND",311.4
"G9396",2080031210,"SWE","JAMTLAND",311.4
"G9421",2080031160,"SWE","JAMTLAND",1.2
"G9422",2080031160,"SWE","JAMTLAND",1.2
"G9455",2080030880,"SWE","VASTERNORRLAND",2253.1
"G9456",2080030880,"SWE","VASTERNORRLAND",2253.1
"G9464",2080030770,"SWE","VASTERNORRLAND",571.6
"G9475",2080030710,"SWE","VASTERBOTTEN",2571.9
"G9477",2080030710,"SWE","VASTERBOTTEN",2571.9
"G9478",2080030710,"SWE","VASTERBOTTEN",2571.9
"G9481",2080030660,"SWE","VASTERBOTTEN",1205.8
"G9486",2080030660,"SWE","VASTERBOTTEN",1205.8
"G9487",2080030760,"SWE","VASTERBOTTEN",1655.1
"G9488",2080030760,"SWE","VASTERBOTTEN",1655.1
"G9495",2080030710,"SWE","VASTERBOTTEN",2571.9
"G9498",2080030710,"SWE","VASTERBOTTEN",2571.9
"G9503",2080030710,"SWE","VASTERBOTTEN",2571.9
"G9504",2080030710,"SWE","VASTERBOTTEN",2571.9
"G9515",2080030660,"SWE","VASTERBOTTEN",1205.8
"G9523",2080030660,"SWE","VASTERBOTTEN",1205.8
"G9525",2080030710,"SWE","VASTERBOTTEN",2571.9
"G9526",2080030710,"SWE","VASTERBOTTEN",2571.9
"G9530",2080030710,"SWE","VASTERBOTTEN",2571.9
"G9533",2080030710,"SWE","VASTERBOTTEN",2571.9
"G9535",2080030760,"SWE","VASTERBOTTEN",1655.1
"G9537",2080030660,"SWE","VASTERBOTTEN",1205.8
"G9541",2080030650,"SWE","VASTERBOTTEN",322.5
"G9542",2080030650,"SWE","VASTERBOTTEN",322.5
"G9544",2080030650,"SWE","VASTERBOTTEN",322.5
"G9548",2080030660,"SWE","VASTERBOTTEN",1205.8
"G9551",2080030660,"SWE","VASTERBOTTEN",1205.8
"G9558",2080030760,"SWE","VASTERBOTTEN",1655.1
"G9562",2080030610,"SWE","VASTERBOTTEN",1042.3
"G9568",2080030710,"SWE","VASTERBOTTEN",2571.9
"G9570",2080030630,"SWE","VASTERBOTTEN",423.1
"G9572",2080030610,"SWE","VASTERBOTTEN",1042.3
"G9573",2080030760,"SWE","VASTERBOTTEN",1655.1
"G9575",2080030710,"SWE","VASTERBOTTEN",2571.9
"G9577",2080030660,"SWE","VASTERBOTTEN",1205.8
"G9586",2080030710,"SWE","VASTERBOTTEN",2571.9
"G9589",2080030710,"SWE","VASTERBOTTEN",2571.9
"G9602",2080030630,"SWE","VASTERBOTTEN",423.1
"G9609",2080030610,"SWE","VASTERBOTTEN",1042.3
"G9610",2080030630,"SWE","VASTERBOTTEN",423.1
"G9613",2080030610,"SWE","VASTERBOTTEN",1042.3
"G9614",2080030630,"SWE","VASTERBOTTEN",423.1
"G9618",2080030610,"SWE","VASTERBOTTEN",1042.3
"G9619",2080030610,"SWE","VASTERBOTTEN",1042.3
"G9620",2080030570,"SWE","VASTERBOTTEN",620.2
"G9624",2080030630,"SWE","VASTERBOTTEN",423.1
"G9626",2080030570,"SWE","VASTERBOTTEN",620.2
"G9631",2080030610,"SWE","VASTERBOTTEN",1042.3
"G9632",2080030610,"SWE","VASTERBOTTEN",1042.3
"G9633",2080030610,"SWE","VASTERBOTTEN",1042.3
"G9635",2080030610,"SWE","VASTERBOTTEN",1042.3
"G9638",2080030570,"SWE","VASTERBOTTEN",620.2
"G9639",2080030570,"SWE","VASTERBOTTEN",620.2
"G9640",2080030570,"SWE","VASTERBOTTEN",620.2
"G9643",2080030610,"SWE","VASTERBOTTEN",1042.3
"G9644",2080030570,"SWE","VASTERBOTTEN",620.2
"G9645",2080030570,"SWE","VASTERBOTTEN",620.2
"G9652",2080030610,"SWE","VASTERBOTTEN",1042.3
"G9657",2080030650,"SWE","VASTERBOTTEN",322.5
"G9659",2080030610,"SWE","VASTERBOTTEN",1042.3
"G9661",2080030610,"SWE","VASTERBOTTEN",1042.3
"G9665",2080030610,"SWE","VASTERBOTTEN",1042.3
"G9682",2080030610,"SWE","VASTERBOTTEN",1042.3
"G9684",2080030610,"SWE","VASTERBOTTEN",1042.3
"G9685",2080031060,"SWE","VASTERBOTTEN",747.5
"G9687",2080031060,"SWE","VASTERBOTTEN",747.5
"G9690",2080031060,"SWE","VASTERBOTTEN",747.5
"G9692",2080030610,"SWE","VASTERBOTTEN",1042.3
"G9700",2080030560,"SWE","VASTERBOTTEN",1893.9
"G9702",2080031060,"SWE","VASTERBOTTEN",747.5
"G9741",2080030560,"SWE","VASTERBOTTEN",1893.9
"G9757",2080030460,"SWE","VASTERBOTTEN",1043.8
"G9775",2080032990,"SWE","HALLAND",436.1
"G9799",2080030430,"SWE","VASTERBOTTEN",259.2
"G9801",2080032990,"SWE","HALLAND",436.1
"G9805",2080030430,"SWE","VASTERBOTTEN",259.2
"G9809",2080030420,"SWE","VASTERBOTTEN",697.5
"G9816",2080030420,"SWE","VASTERBOTTEN",697.5
"G9821",2080030420,"SWE","VASTERBOTTEN",697.5
"G9825",2080030420,"SWE","VASTERBOTTEN",697.5
"G9826",2080030420,"SWE","VASTERBOTTEN",697.5
"G9827",2080030420,"SWE","VASTERBOTTEN",697.5
"G9831",2080030420,"SWE","VASTERBOTTEN",697.5
"G9834",2080030370,"SWE","VASTERBOTTEN",1255.7
"G9840",2080030420,"SWE","VASTERBOTTEN",697.5
"G9850",2080030370,"SWE","VASTERBOTTEN",1255.7
"G9852",2080030650,"SWE","VASTERBOTTEN",322.5
"G9858",2080030370,"SWE","VASTERBOTTEN",1255.7
"G9863",2080030370,"SWE","VASTERBOTTEN",1255.7
"G9868",2080030370,"SWE","VASTERBOTTEN",1255.7
"G9870",2080030370,"SWE","VASTERBOTTEN",1255.7
"G9878",2080030370,"SWE","VASTERBOTTEN",1255.7
"G9879",2080030370,"SWE","VASTERBOTTEN",1255.7
"G9880",2080030370,"SWE","VASTERBOTTEN",1255.7
"G9882",2080030370,"SWE","VASTERBOTTEN",1255.7
"G9887",2080032990,"SWE","HALLAND",436.1
"G9893",2080030370,"SWE","NORRBOTTEN",1255.7
"G9897",2080030420,"SWE","VASTERBOTTEN",697.5
"G9899",2080032990,"SWE","HALLAND",436.1
"G9900",2080030420,"SWE","VASTERBOTTEN",697.5
"G9901",2080030420,"SWE","VASTERBOTTEN",697.5
"G9905",2080030370,"SWE","NORRBOTTEN",1255.7
"G9908",2080030420,"SWE","VASTERBOTTEN",697.5
"G9921",2080030420,"SWE","NORRBOTTEN",697.5
"G9924",2080030370,"SWE","NORRBOTTEN",1255.7
"G9925",2080030420,"SWE","NORRBOTTEN",697.5
"G934",1080023890,"CIV","SAVANES",23.4
"G935",1080023890,"CIV","ZANZAN",23.4
"G936",1080023950,"CIV","VALLEE DU BANDAMA",614.2
