species,include,total_density.x,sampled_yr.x,presentyr.x,sampled_date.x,present_date.x,included.x,total_density.y,sampled_yr.y,presentyr.y,sampled_date.y,present_date.y,included.y,total_density,sampled_yr,present_yr,sampled_date,present_date,included
Actinastrum hantzchii var. fluviatile,1,15612.3,21,9,353,25,0,0,0,0,0,0,0,15612.3,21,9,353,25,0
Actinastrum hantzschii,1,28412.9,21,16,353,49,0,538.5,16,5,105,6,0,28951.4,37,21,458,55,0
Anabaena circinalis,1,543377.3,21,17,353,97,0,40130.798,16,13,105,26,0,583508.098,37,30,458,123,0
Anabaena flos-aquae,1,1700006.56,21,21,353,227,0,0,0,0,0,0,0,1700006.56,21,21,353,227,0
Anabaena scheremetievi,1,213373.7,21,17,353,92,0,0,0,0,0,0,0,213373.7,21,17,353,92,0
Ankistrodesmus braunii,1,35,21,1,353,2,0,0,0,0,0,0,0,35,21,1,353,2,0
Ankistrodesmus falcatus,1,72713.88,21,21,353,240,0,0,0,0,0,0,0,72713.88,21,21,353,240,0
Ankistrodesmus spiralis,1,13866.24,21,18,353,81,0,0,0,0,0,0,0,13866.24,21,18,353,81,0
Ankyra judayi,1,29730.32,21,9,353,99,0,0,0,0,0,0,0,29730.32,21,9,353,99,0
Aphanizomenon flos-aquae,1,4172241.4,21,20,353,196,0,0,0,0,0,0,0,4172241.4,21,20,353,196,0
Aphanothece clathrata,1,973,21,1,353,6,0,0,0,0,0,0,0,973,21,1,353,6,0
Asterionella formosa,1,61362.64,21,21,353,165,0,385.7,16,8,105,16,0,61748.34,37,29,458,181,0
Attheya zachariasi,1,62.6,21,2,353,3,0,0,0,0,0,0,0,62.6,21,2,353,3,0
Carteria cordiformis,1,3555.9,21,12,353,37,0,0,0,0,0,0,0,3555.9,21,12,353,37,0
Carteria globosa,1,10463.7,21,15,353,74,0,0,0,0,0,0,0,10463.7,21,15,353,74,0
Centriactus belanophorus,1,507.6,21,1,353,12,0,0,0,0,0,0,0,507.6,21,1,353,12,0
Ceratium hirundinella,1,809.5,21,10,353,29,0,26.8,16,3,105,5,0,836.3,37,13,458,34,0
Characium sp,1,462,21,1,353,1,0,0,0,0,0,0,0,462,21,1,353,1,0
Chlamydomonas spp.,1,95161.98,21,21,353,273,0,0,0,0,0,0,0,95161.98,21,21,353,273,0
Chromulina minuta,1,219241.4,21,9,353,116,0,0,0,0,0,0,0,219241.4,21,9,353,116,0
Chromulina sp.,1,320670.38,21,21,353,332,0,0,0,0,0,0,0,320670.38,21,21,353,332,0
Chroococcus limneticus,1,211239.8,21,11,353,67,0,392.9,16,3,105,5,0,211632.7,37,14,458,72,0
Chroococcus limneticus var. dispersus,1,57557.9,21,8,353,26,0,0,0,0,0,0,0,57557.9,21,8,353,26,0
Chroococcus limneticus var.elegans,1,150788.5,21,5,353,35,0,0,0,0,0,0,0,150788.5,21,5,353,35,0
Chrysamoeba radians,1,2214.3,21,17,353,50,0,0,0,0,0,0,0,2214.3,21,17,353,50,0
Chrysidiastrum catenatum,1,400.4,21,7,353,11,0,0,0,0,0,0,0,400.4,21,7,353,11,0
Cladomonas fruticulosa,1,43712.1,21,13,353,77,0,0,0,0,0,0,0,43712.1,21,13,353,77,0
Closteridium moniliforme,1,4538.9,21,11,353,47,0,0,0,0,0,0,0,4538.9,21,11,353,47,0
Closteriopsis longissima,1,3417.7,21,15,353,58,0,0,0,0,0,0,0,3417.7,21,15,353,58,0
Cocconeis placentula,1,2871.7,21,10,353,28,0,18.2,16,1,105,2,0,2889.9,37,11,458,30,0
Coelastrum microporum,1,6783.1,21,17,353,51,0,351.0078,16,5,105,5,0,7134.1078,37,22,458,56,0
Coelastrum reticulatum,1,392,21,9,353,16,0,0,0,0,0,0,0,392,21,9,353,16,0
Coelosphaerium naegelianum,1,3812.9,21,7,353,28,0,0,0,0,0,0,0,3812.9,21,7,353,28,0
Cosmarium pyramidatum,1,177.5,21,5,353,6,0,0,0,0,0,0,0,177.5,21,5,353,6,0
Cosmarium reniforme,1,94,21,3,353,3,0,0,0,0,0,0,0,94,21,3,353,3,0
Crucigenia tetrapedia,1,6148.5,21,11,353,21,0,23.6,16,2,105,2,0,6172.1,37,13,458,23,0
Cryptomonas erosa,1,10427,21,5,353,52,0,2691.3692,16,16,105,85,0,13118.3692,37,21,458,137,0
Cryptomonas ovata,1,110714.6,21,21,353,352,0,5.1,16,2,105,2,0,110719.7,37,23,458,354,0
Cryptomonas pusilla,1,842180.14,21,21,353,352,0,0,0,0,0,0,0,842180.14,21,21,353,352,0
Cyclotella 10-11u,1,43428.98,21,21,353,156,0,0,0,0,0,0,0,43428.98,21,21,353,156,0
Cyclotella 15u,1,7608.8,21,15,353,65,0,0,0,0,0,0,0,7608.8,21,15,353,65,0
Cyclotella 20u,1,2004.5,21,12,353,48,0,0,0,0,0,0,0,2004.5,21,12,353,48,0
Cyclotella 5-6u,1,222205.64,21,21,353,284,0,0,0,0,0,0,0,222205.64,21,21,353,284,0
Cymbella ventricosa,1,334.5,21,8,353,14,0,0,0,0,0,0,0,334.5,21,8,353,14,0
Diatoma tenue var. elongatum,1,16103,21,19,353,48,0,0,0,0,0,0,0,16103,21,19,353,48,0
Dictyosphaerium puchellum,1,52571.7,21,14,353,57,0,0,0,0,0,0,0,52571.7,21,14,353,57,0
Dinobryon bavaricum,1,26584,21,9,353,62,0,0,0,0,0,0,0,26584,21,9,353,62,0
Dinobryon sertularia,1,7128.56,21,19,353,94,0,0,0,0,0,0,0,7128.56,21,19,353,94,0
Elactothrix geletinosa,1,6075.5,21,16,353,75,0,0,0,0,0,0,0,6075.5,21,16,353,75,0
Eudorina elegans,1,3153.24,21,14,353,66,0,0,0,0,0,0,0,3153.24,21,14,353,66,0
Euglena spp.,1,832.3,21,13,353,25,0,0,0,0,0,0,0,832.3,21,13,353,25,0
Fragilaria brevistriata,1,75696.22,21,20,353,131,0,0,0,0,0,0,0,75696.22,21,20,353,131,0
Fragilaria capucina,1,24321.1,21,7,353,30,0,52.2,16,3,105,3,0,24373.3,37,10,458,33,0
Fragilaria crotonensis,1,70976.1,21,20,353,133,0,2344.877,16,9,105,15,0,73320.977,37,29,458,148,0
Fragilaria virescens,1,20982.52,21,13,353,57,0,0,0,0,0,0,0,20982.52,21,13,353,57,0
Fragilaria zasuminensis,1,856.5,21,3,353,6,0,0,0,0,0,0,0,856.5,21,3,353,6,0
Franceia ovalis,1,556.6,21,3,353,7,0,0,0,0,0,0,0,556.6,21,3,353,7,0
Glenodinium armatum,1,83.4,21,1,353,3,0,0,0,0,0,0,0,83.4,21,1,353,3,0
Glenodinium borgei,1,278.3,21,4,353,7,0,0,0,0,0,0,0,278.3,21,4,353,7,0
Glenodinium pulvisculus,1,1131,21,8,353,20,0,0,0,0,0,0,0,1131,21,8,353,20,0
Gloeotrichia echinulata,1,9.28,21,8,353,41,0,17132.9,16,3,105,9,0,17142.18,37,11,458,50,0
Golenkinia paucispina,1,994.4,21,7,353,13,0,0,0,0,0,0,0,994.4,21,7,353,13,0
Golenkinia radiata,1,1599.3,21,9,353,24,0,0,0,0,0,0,0,1599.3,21,9,353,24,0
Gomphosphaeria lacustris,1,12997.5,21,19,353,132,0,1138.4,16,6,105,6,0,14135.9,37,25,458,138,0
Gomphosphaeria lacustris var. compacta,1,159412.8,21,20,353,187,0,0,0,0,0,0,0,159412.8,21,20,353,187,0
Gymnodinium sp,1,27.8,21,1,353,1,0,0,0,0,0,0,0,27.8,21,1,353,1,0
Gyrosigma fasicola,1,28,21,3,353,3,0,0,0,0,0,0,0,28,21,3,353,3,0
Hematococcus lacustris,1,18400.7,21,8,353,37,0,0,0,0,0,0,0,18400.7,21,8,353,37,0
Kirchneriella contorta,1,7214.2,21,10,353,32,0,0,0,0,0,0,0,7214.2,21,10,353,32,0
Kirchneriella lunaris,1,40234.74,21,19,353,91,0,0,0,0,0,0,0,40234.74,21,19,353,91,0
Langenheimia quadriseta,1,3235.78,21,9,353,29,0,0,0,0,0,0,0,3235.78,21,9,353,29,0
Lyngbya birgei,1,69691.3,21,15,353,41,0,0,0,0,0,0,0,69691.3,21,15,353,41,0
Lyngbya limnetica,1,299020.5,21,13,353,68,0,632.4,16,1,105,1,0,299652.9,37,14,458,69,0
Mallomonas akrokomas,1,4058.58,21,16,353,77,0,158.4,16,7,105,11,0,4216.98,37,23,458,88,0
Mallomonas dentata,1,529.2,21,10,353,17,0,0,0,0,0,0,0,529.2,21,10,353,17,0
Melosira ambigua,1,7148,21,9,353,32,0,0,0,0,0,0,0,7148,21,9,353,32,0
Melosira circulare,1,21330.9,21,11,353,51,0,0,0,0,0,0,0,21330.9,21,11,353,51,0
Melosira granulata,1,191199.8,21,21,353,211,0,0,0,0,0,0,0,191199.8,21,21,353,211,0
Melosira italica,1,15869.3,21,11,353,71,0,0,0,0,0,0,0,15869.3,21,11,353,71,0
Melosira varians,1,21635.1,21,15,353,38,0,0,0,0,0,0,0,21635.1,21,15,353,38,0
Meridion circulare,1,213.3,21,4,353,5,0,0,0,0,0,0,0,213.3,21,4,353,5,0
Merismopedia elegans var. major,1,1189638.5,21,5,353,24,0,0,0,0,0,0,0,1189638.5,21,5,353,24,0
Merismopedia tenuissima,1,529525.7,21,15,353,56,0,5324.4,16,3,105,5,0,534850.1,37,18,458,61,0
Micractinium pusillum,1,2374.7,21,10,353,23,0,407.4,16,5,105,9,0,2782.1,37,15,458,32,0
Microcystis aeruginosa,1,8255.76,21,21,353,153,0,0,0,0,0,0,0,8255.76,21,21,353,153,0
Microcystis incerta,1,833,21,1,353,6,0,0,0,0,0,0,0,833,21,1,353,6,0
Mougeotia sp.,1,1770.8,21,10,353,27,0,0,0,0,0,0,0,1770.8,21,10,353,27,0
Navicula cuspidata,1,500.6,21,5,353,10,0,0,0,0,0,0,0,500.6,21,5,353,10,0
Navicula gracilis,1,208.5,21,3,353,3,0,0,0,0,0,0,0,208.5,21,3,353,3,0
Navicula minima,1,10.5,21,2,353,2,0,0,0,0,0,0,0,10.5,21,2,353,2,0
Navicula spp.,1,4575.6,21,13,353,55,0,0,0,0,0,0,0,4575.6,21,13,353,55,0
Nitzschia acicularis,1,2349.78,21,11,353,23,0,38.1692,16,7,105,10,0,2387.9492,37,18,458,33,0
Nitzschia sigmoidia,1,69.5,21,1,353,1,0,0,0,0,0,0,0,69.5,21,1,353,1,0
Nitzschia vermicularis,1,970.5,21,4,353,11,0,0,0,0,0,0,0,970.5,21,4,353,11,0
Ochromonas spp.,1,137812.24,21,21,353,324,0,0,0,0,0,0,0,137812.24,21,21,353,324,0
Oocystis elliptica,1,18029.4,21,10,353,77,0,0,0,0,0,0,0,18029.4,21,10,353,77,0
Oocystis lacustris,1,5769.8,21,19,353,86,0,13,16,3,105,3,0,5782.8,37,22,458,89,0
Ophiocytium capitatum var. longispinum,1,4420.4,21,10,353,45,0,0,0,0,0,0,0,4420.4,21,10,353,45,0
Oscillatoria prolifica,1,10837.3,21,4,353,14,0,0,0,0,0,0,0,10837.3,21,4,353,14,0
Oscillatoria splendida,1,15193.2,21,5,353,14,0,0,0,0,0,0,0,15193.2,21,5,353,14,0
Pandorina morum,1,1528.58,21,16,353,51,0,33,16,2,105,2,0,1561.58,37,18,458,53,0
Pediastrum boryanum,1,11285.98,21,19,353,68,0,0,0,0,0,0,0,11285.98,21,19,353,68,0
Pediastrum duplex var. reticulatum,1,18032.5,21,17,353,57,0,0,0,0,0,0,0,18032.5,21,17,353,57,0
Pediastrum obtusum,1,966.5,21,6,353,14,0,0,0,0,0,0,0,966.5,21,6,353,14,0
Pediastrum simplex duodenarium,1,1792.5,21,4,353,10,0,0,0,0,0,0,0,1792.5,21,4,353,10,0
Pediastrum tetras,1,1661.1,21,1,353,2,0,0,0,0,0,0,0,1661.1,21,1,353,2,0
Peudrum spp.,1,34.8,21,2,353,2,0,0,0,0,0,0,0,34.8,21,2,353,2,0
Phacus accuminatus,1,451.8,21,4,353,10,0,0,0,0,0,0,0,451.8,21,4,353,10,0
Phormidium tenue,1,420091.8,21,18,353,91,0,0,0,0,0,0,0,420091.8,21,18,353,91,0
Quadrigula closteroides,1,722.8,21,1,353,5,0,0,0,0,0,0,0,722.8,21,1,353,5,0
Quadrigula lacustris,1,884,21,4,353,7,0,120.2,16,8,105,12,0,1004.2,37,12,458,19,0
Rhicuspheria curvata,1,41.8,21,3,353,3,0,0,0,0,0,0,0,41.8,21,3,353,3,0
Rhizosolenia eriensis,1,250.9,21,4,353,7,0,3.9,16,1,105,1,0,254.8,37,5,458,8,0
Scenedesmus abundans,1,10788.6,21,13,353,36,0,1.7,16,1,105,1,0,10790.3,37,14,458,37,0
Scenedesmus armatus var. bicaudatus,1,5688,21,14,353,35,0,0,0,0,0,0,0,5688,21,14,353,35,0
Scenedesmus bijuga,1,27034.22,21,15,353,89,0,39.8,16,2,105,3,0,27074.02,37,17,458,92,0
Scenedesmus bijuga var. alterans,1,2815.6,21,8,353,16,0,0,0,0,0,0,0,2815.6,21,8,353,16,0
Scenedesmus denticulatus,1,1168.8,21,8,353,13,0,0,0,0,0,0,0,1168.8,21,8,353,13,0
Scenedesmus dimorphus,1,1434.2,21,12,353,16,0,8.7,16,1,105,1,0,1442.9,37,13,458,17,0
Scenedesmus quadricuada var. longispina,1,2978.52,21,12,353,28,0,0,0,0,0,0,0,2978.52,21,12,353,28,0
Scenedesmus quadricuada var. quadrispina,1,5775.4,21,11,353,39,0,0,0,0,0,0,0,5775.4,21,11,353,39,0
Scenedesmusopoliensis,1,1983.8,21,6,353,18,0,0,0,0,0,0,0,1983.8,21,6,353,18,0
Schroederia indica,1,8053.08,21,17,353,71,0,0,0,0,0,0,0,8053.08,21,17,353,71,0
Schroederia setigerum,1,33827.06,21,21,353,227,0,0,0,0,0,0,0,33827.06,21,21,353,227,0
Selenastrum gracile,1,9334.5,21,13,353,49,0,0,0,0,0,0,0,9334.5,21,13,353,49,0
Selenastrum westii,1,167.1,21,2,353,5,0,0,0,0,0,0,0,167.1,21,2,353,5,0
Sphaerocystis schroeteri,1,53048.2,21,20,353,143,0,6900.8191,16,14,105,34,0,59949.0191,37,34,458,177,0
Staurastrum natatur var. crassum,1,491.7,21,11,353,21,0,0,0,0,0,0,0,491.7,21,11,353,21,0
Stephanodiscus astraea,1,3263.2,21,17,353,95,0,0,0,0,0,0,0,3263.2,21,17,353,95,0
Stephanodiscus tenuis,1,3701,21,16,353,59,0,0,0,0,0,0,0,3701,21,16,353,59,0
Sylosphaeridium stipitatum,1,2168.88,21,8,353,33,0,0,0,0,0,0,0,2168.88,21,8,353,33,0
Synedra acus,1,1924,21,13,353,36,0,0,0,0,0,0,0,1924,21,13,353,36,0
Synedra cyclopum,1,2861.7,21,12,353,74,0,5.7,16,2,105,2,0,2867.4,37,14,458,76,0
Synedra rumpens,1,2925.68,21,16,353,57,0,0,0,0,0,0,0,2925.68,21,16,353,57,0
Synedra ulna,1,5802.1,21,13,353,30,0,16.2,16,2,105,2,0,5818.3,37,15,458,32,0
Synura uvella,1,1428.1,21,9,353,19,0,0,0,0,0,0,0,1428.1,21,9,353,19,0
Tabellaria fenestrata,1,1428,21,10,353,30,0,16.5,16,2,105,2,0,1444.5,37,12,458,32,0
Tetraedron caudatum,1,55.6,21,1,353,1,0,0,0,0,0,0,0,55.6,21,1,353,1,0
Tetraedron minimum,1,872.3,21,9,353,20,0,0,0,0,0,0,0,872.3,21,9,353,20,0
Tetraedron trigonum,1,793.6,21,7,353,18,0,0,0,0,0,0,0,793.6,21,7,353,18,0
Trachelomonas spp.,1,17448.6,21,14,353,112,0,0,0,0,0,0,0,17448.6,21,14,353,112,0
Treubaria setigerum,1,676.1,21,6,353,15,0,0,0,0,0,0,0,676.1,21,6,353,15,0
Uroglenopsis americana,1,14189.7,21,6,353,33,0,0,0,0,0,0,0,14189.7,21,6,353,33,0
Achnanthes minutissima,1,0,0,0,0,0,0,34.2,16,5,105,11,0,34.2,16,5,105,11,0
Achnanthes sp.,1,0,0,0,0,0,0,2.6,16,1,105,1,0,2.6,16,1,105,1,0
Actinocyclus normanii,1,0,0,0,0,0,0,87.8,16,2,105,5,0,87.8,16,2,105,5,0
Amphora pediculus,1,0,0,0,0,0,0,7,16,2,105,2,0,7,16,2,105,2,0
Amphora veneta,1,0,0,0,0,0,0,3.2,16,1,105,1,0,3.2,16,1,105,1,0
Anabaena aphanizomenoides,1,0,0,0,0,0,0,101.7,16,2,105,3,0,101.7,16,2,105,3,0
Anabaena augstumalis,1,0,0,0,0,0,0,53043.3708,16,12,105,29,0,53043.3708,16,12,105,29,0
Anabaena crassa,1,0,0,0,0,0,0,798,16,2,105,3,0,798,16,2,105,3,0
Anabaena flosaquae,1,0,0,0,0,0,0,144705.1,16,7,105,26,0,144705.1,16,7,105,26,0
Anabaena lemmermannii,1,0,0,0,0,0,0,10625.9,16,3,105,7,0,10625.9,16,3,105,7,0
Anabaena macrospora,1,0,0,0,0,0,0,3266,16,7,105,10,0,3266,16,7,105,10,0
Anabaena oscillarioides,1,0,0,0,0,0,0,157.7,16,2,105,2,0,157.7,16,2,105,2,0
Anabaena planctonica,1,0,0,0,0,0,0,46.0134,16,1,105,1,0,46.0134,16,1,105,1,0
Anabaena sp.,1,0,0,0,0,0,0,196.2,16,3,105,5,0,196.2,16,3,105,5,0
Anabaena spiroides,1,0,0,0,0,0,0,6407.6,16,2,105,4,0,6407.6,16,2,105,4,0
Anabaenopsis tanganyikae,1,0,0,0,0,0,0,16.5,16,1,105,1,0,16.5,16,1,105,1,0
Ankistrodesmus convolutus,1,0,0,0,0,0,0,159.7,16,2,105,5,0,159.7,16,2,105,5,0
Ankistrodesmus falcatus morph straight,1,0,0,0,0,0,0,65.7,16,6,105,7,0,65.7,16,6,105,7,0
Anomoeoneis vitrea,1,0,0,0,0,0,0,50.6,16,2,105,8,0,50.6,16,2,105,8,0
Aphanizomenon flosaquae,1,0,0,0,0,0,0,331991.4456,16,15,105,48,0,331991.4456,16,15,105,48,0
Aphanizomenon gracile,1,0,0,0,0,0,0,638.4011,16,2,105,3,0,638.4011,16,2,105,3,0
Aphanizomenon issatschenkoi,1,0,0,0,0,0,0,817.9,16,1,105,1,0,817.9,16,1,105,1,0
Aphanocapsa delicatissima,1,0,0,0,0,0,0,115448.5717,16,14,105,34,0,115448.5717,16,14,105,34,0
Aphanocapsa elachista,1,0,0,0,0,0,0,1171.9,16,4,105,4,0,1171.9,16,4,105,4,0
Aphanocapsa holsatica,1,0,0,0,0,0,0,7257.9,16,2,105,4,0,7257.9,16,2,105,4,0
Aphanocapsa incerta,1,0,0,0,0,0,0,418.6,16,3,105,3,0,418.6,16,3,105,3,0
Aphanothece nidulans,1,0,0,0,0,0,0,421855.6842,16,14,105,46,0,421855.6842,16,14,105,46,0
Aphanothece sp.,1,0,0,0,0,0,0,34396.4,16,1,105,2,0,34396.4,16,1,105,2,0
Aulacoseira ambigua,1,0,0,0,0,0,0,1782.1,16,6,105,10,0,1782.1,16,6,105,10,0
Aulacoseira distans,1,0,0,0,0,0,0,30.2,16,2,105,2,0,30.2,16,2,105,2,0
Aulacoseira granulata,1,0,0,0,0,0,0,5106.6259,16,12,105,28,0,5106.6259,16,12,105,28,0
Aulacoseira islandica,1,0,0,0,0,0,0,847.1,16,4,105,10,0,847.1,16,4,105,10,0
Aulacoseira italica,1,0,0,0,0,0,0,274.7,16,2,105,6,0,274.7,16,2,105,6,0
Aulacoseira sp.,1,0,0,0,0,0,0,17.8,16,2,105,2,0,17.8,16,2,105,2,0
Carteria globulosa,1,0,0,0,0,0,0,8.5,16,1,105,1,0,8.5,16,1,105,1,0
Characium ambiguum,1,0,0,0,0,0,0,5.2,16,2,105,2,0,5.2,16,2,105,2,0
Characium limneticum,1,0,0,0,0,0,0,81.1077,16,6,105,9,0,81.1077,16,6,105,9,0
Characium sp.,1,0,0,0,0,0,0,2.6,16,1,105,1,0,2.6,16,1,105,1,0
Chlamydomonas globosa,1,0,0,0,0,0,0,213.6,16,7,105,23,0,213.6,16,7,105,23,0
Chlamydomonas platystigma,1,0,0,0,0,0,0,17.8,16,3,105,4,0,17.8,16,3,105,4,0
Chlamydomonas sp.,1,0,0,0,0,0,0,1013.8694,16,13,105,42,0,1013.8694,16,13,105,42,0
Chlorocloster sp.,1,0,0,0,0,0,0,15.8,16,2,105,3,0,15.8,16,2,105,3,0
Chlorococcaceae sp <10um,0,0,0,0,0,0,0,1726.3555,16,14,105,60,0,1726.3555,16,14,105,60,0
Chlorococcaceae sp <1um,0,0,0,0,0,0,0,169.6,16,2,105,3,0,169.6,16,2,105,3,0
Chlorogonium sp.,1,0,0,0,0,0,0,3.9,16,1,105,1,0,3.9,16,1,105,1,0
Chloromonas prona,1,0,0,0,0,0,0,270.8617,16,4,105,5,0,270.8617,16,4,105,5,0
Chloromonas pumilio,1,0,0,0,0,0,0,4.6,16,2,105,2,0,4.6,16,2,105,2,0
Chlorophyta 2,0,0,0,0,0,0,0,7.7,16,1,105,1,0,7.7,16,1,105,1,0
Chlorophyta 3,0,0,0,0,0,0,0,23.4,16,1,105,1,0,23.4,16,1,105,1,0
Chodatella ciliata,1,0,0,0,0,0,0,8.5,16,1,105,1,0,8.5,16,1,105,1,0
Chodatella quadriseta,1,0,0,0,0,0,0,36.4,16,1,105,2,0,36.4,16,1,105,2,0
Chromulina group,1,0,0,0,0,0,0,22.1,16,1,105,1,0,22.1,16,1,105,1,0
Chromulina sp. 1,1,0,0,0,0,0,0,93,16,1,105,5,0,93,16,1,105,5,0
Chromulina sp. 2,1,0,0,0,0,0,0,5283.6938,16,7,105,21,0,5283.6938,16,7,105,21,0
Chroococcaceae/Synechocystis spp (blue-greens (>1 ),0,0,0,0,0,0,0,664413.4003,16,12,105,69,0,664413.4003,16,12,105,69,0
Chroococcaceae/Synechocystis spp (blue-greens (<1 ),0,0,0,0,0,0,0,117786.3854,16,16,105,73,0,117786.3854,16,16,105,73,0
Chroococcus minimus,1,0,0,0,0,0,0,1780.9309,16,8,105,13,0,1780.9309,16,8,105,13,0
Chroococcus minutus,1,0,0,0,0,0,0,4638.9,16,4,105,12,0,4638.9,16,4,105,12,0
Chrysocapsaceae sp.,1,0,0,0,0,0,0,23.6,16,2,105,2,0,23.6,16,2,105,2,0
Chrysococcus minutus,1,0,0,0,0,0,0,86,16,5,105,5,0,86,16,5,105,5,0
Chrysococcus sp.,1,0,0,0,0,0,0,28.6,16,1,105,1,0,28.6,16,1,105,1,0
Closterium moniliferum,1,0,0,0,0,0,0,7,16,3,105,3,0,7,16,3,105,3,0
Cocconeis pediculus,1,0,0,0,0,0,0,4.2,16,1,105,1,0,4.2,16,1,105,1,0
Cocconeis placentula v. lineata,1,0,0,0,0,0,0,35.6,16,2,105,2,0,35.6,16,2,105,2,0
Coelastrum sp.,1,0,0,0,0,0,0,8.7,16,1,105,1,0,8.7,16,1,105,1,0
Coelosphaerium naegelianum-single cells,1,0,0,0,0,0,0,104.8,16,5,105,7,0,104.8,16,5,105,7,0
Crucigenia quadrata,1,0,0,0,0,0,0,145.4,16,1,105,1,0,145.4,16,1,105,1,0
Cryptomonas gracilis,1,0,0,0,0,0,0,23.7,16,4,105,6,0,23.7,16,4,105,6,0
Cryptomonas lucens,1,0,0,0,0,0,0,26,16,5,105,5,0,26,16,5,105,5,0
Cryptomonas rostratiformis,1,0,0,0,0,0,0,48.4,16,7,105,14,0,48.4,16,7,105,14,0
Cyanogranis ferruginea,1,0,0,0,0,0,0,18344.7,16,4,105,5,0,18344.7,16,4,105,5,0
Cyanonephron styloides,1,0,0,0,0,0,0,12649.2,16,1,105,3,0,12649.2,16,1,105,3,0
Cyclotella  stelligera,1,0,0,0,0,0,0,15.6,16,2,105,2,0,15.6,16,2,105,2,0
Cyclotella bodanica,1,0,0,0,0,0,0,23.4,16,1,105,2,0,23.4,16,1,105,2,0
Cyclotella cf ocellata,1,0,0,0,0,0,0,132.1,16,1,105,5,0,132.1,16,1,105,5,0
Cyclotella comensis,1,0,0,0,0,0,0,1.4,16,1,105,1,0,1.4,16,1,105,1,0
Cyclotella distinguenda,1,0,0,0,0,0,0,6.1,16,1,105,1,0,6.1,16,1,105,1,0
Cyclotella meneghiniana,1,0,0,0,0,0,0,9.1,16,1,105,1,0,9.1,16,1,105,1,0
Cyclotella ocellata,1,0,0,0,0,0,0,41,16,2,105,4,0,41,16,2,105,4,0
Cyclotella pseudostelligera,1,0,0,0,0,0,0,132.5,16,3,105,5,0,132.5,16,3,105,5,0
Cyclotella sp.,1,0,0,0,0,0,0,227.9,16,2,105,12,0,227.9,16,2,105,12,0
Cyclotella sp. 1,1,0,0,0,0,0,0,7640.8467,16,13,105,44,0,7640.8467,16,13,105,44,0
Cymbella affinis,1,0,0,0,0,0,0,3.7,16,1,105,1,0,3.7,16,1,105,1,0
Cymbella prostrata,1,0,0,0,0,0,0,0.3,16,1,105,1,0,0.3,16,1,105,1,0
Cyst (Chlorophyta),0,0,0,0,0,0,0,4.5,16,3,105,3,0,4.5,16,3,105,3,0
Cyst (Chrysophyte),0,0,0,0,0,0,0,52.4,16,7,105,10,0,52.4,16,7,105,10,0
Deasonia gigantica,1,0,0,0,0,0,0,3.6,16,2,105,2,0,3.6,16,2,105,2,0
Diatoma tenue,1,0,0,0,0,0,0,907.7,16,8,105,9,0,907.7,16,8,105,9,0
Diatoma vulgare,1,0,0,0,0,0,0,3.9,16,1,105,1,0,3.9,16,1,105,1,0
Diatoma vulgare v vulgare,1,0,0,0,0,0,0,4.2,16,1,105,1,0,4.2,16,1,105,1,0
Dictyosphaerium chlorelloides,1,0,0,0,0,0,0,45.2,16,2,105,2,0,45.2,16,2,105,2,0
Dictyosphaerium pulchellum,1,0,0,0,0,0,0,1595.9,16,7,105,12,0,1595.9,16,7,105,12,0
Dimorphococcus lunatus,1,0,0,0,0,0,0,72.7,16,1,105,1,0,72.7,16,1,105,1,0
Dinobryon cylindricum cell,1,0,0,0,0,0,0,6.9,16,2,105,2,0,6.9,16,2,105,2,0
Dinobryon cylindricum colony,1,0,0,0,0,0,0,0.2,16,1,105,1,0,0.2,16,1,105,1,0
Dinobryon cylindricum cyst,1,0,0,0,0,0,0,0.9,16,1,105,1,0,0.9,16,1,105,1,0
Dinobryon divergens cell,1,0,0,0,0,0,0,11.6,16,2,105,2,0,11.6,16,2,105,2,0
Dinobryon monads (sp.),1,0,0,0,0,0,0,109.1,16,5,105,10,0,109.1,16,5,105,10,0
Dinobryon sertularia cell,1,0,0,0,0,0,0,28.3,16,6,105,7,0,28.3,16,6,105,7,0
Dinobryon sociale cell,1,0,0,0,0,0,0,18.6,16,4,105,4,0,18.6,16,4,105,4,0
Dinobryon sociale colony,1,0,0,0,0,0,0,39.7,16,5,105,5,0,39.7,16,5,105,5,0
Dinoflagellate cyst (sp.),0,0,0,0,0,0,0,9.5,16,3,105,4,0,9.5,16,3,105,4,0
Elakatothrix viridis,1,0,0,0,0,0,0,8.7,16,2,105,2,0,8.7,16,2,105,2,0
Erkenia sp.,1,0,0,0,0,0,0,47.6,16,2,105,6,0,47.6,16,2,105,6,0
Erkenia subaequiciliata,1,0,0,0,0,0,0,2546.9262,16,12,105,41,0,2546.9262,16,12,105,41,0
Euglena sp.,1,0,0,0,0,0,0,13.7877,16,3,105,3,0,13.7877,16,3,105,3,0
Eunotia implicata,1,0,0,0,0,0,0,2.6,16,1,105,1,0,2.6,16,1,105,1,0
Eunotia pectinalis,1,0,0,0,0,0,0,2.6,16,1,105,1,0,2.6,16,1,105,1,0
Eunotia sp.,1,0,0,0,0,0,0,2.6,16,1,105,1,0,2.6,16,1,105,1,0
Fragilaria capucina (v. rumpens),1,0,0,0,0,0,0,115.8,16,1,105,3,0,115.8,16,1,105,3,0
Gloeocystis ampla,1,0,0,0,0,0,0,3.5,16,1,105,1,0,3.5,16,1,105,1,0
Gloeocystis vesiculosa,1,0,0,0,0,0,0,29.4,16,1,105,2,0,29.4,16,1,105,2,0
Gloeotrichia echinulata colony,1,0,0,0,0,0,0,10488,16,3,105,4,0,10488,16,3,105,4,0
Gloeotrichia echinulata filament,1,0,0,0,0,0,0,2966.1,16,5,105,9,0,2966.1,16,5,105,9,0
Gomphonema parvulum,1,0,0,0,0,0,0,18.1,16,2,105,2,0,18.1,16,2,105,2,0
Gomphonema sp.,1,0,0,0,0,0,0,5.2,16,1,105,1,0,5.2,16,1,105,1,0
Gymnodinium sp. 1,1,0,0,0,0,0,0,3.6,16,3,105,3,0,3.6,16,3,105,3,0
Gymnodinium sp. 2,1,0,0,0,0,0,0,129.4,16,10,105,20,0,129.4,16,10,105,20,0
Gymnodinium sp. 3,1,0,0,0,0,0,0,324.8,16,10,105,36,0,324.8,16,10,105,36,0
Heterothrix tenuissima,1,0,0,0,0,0,0,0.9,16,1,105,1,0,0.9,16,1,105,1,0
Kephyrion gracilis,1,0,0,0,0,0,0,7.5,16,2,105,2,0,7.5,16,2,105,2,0
Kephyrion planctonicum,1,0,0,0,0,0,0,6.1,16,1,105,1,0,6.1,16,1,105,1,0
Kephyrion skujae,1,0,0,0,0,0,0,4.2,16,1,105,1,0,4.2,16,1,105,1,0
Kephyrion sp.,1,0,0,0,0,0,0,3.2,16,1,105,1,0,3.2,16,1,105,1,0
Limnothrix redekei,1,0,0,0,0,0,0,544.5,16,1,105,1,0,544.5,16,1,105,1,0
Lobomonas sp.,1,0,0,0,0,0,0,5.1,16,3,105,3,0,5.1,16,3,105,3,0
Lyngbya sp.,1,0,0,0,0,0,0,1210.8,16,2,105,2,0,1210.8,16,2,105,2,0
Lyngbya sp. 15-20u,1,0,0,0,0,0,0,1053.3,16,1,105,1,0,1053.3,16,1,105,1,0
"Lyngbya sp. lg, srt 07",1,0,0,0,0,0,0,1157.5,16,1,105,1,0,1157.5,16,1,105,1,0
"Lyngbya sp. sm, srt 07",1,0,0,0,0,0,0,37.9,16,1,105,1,0,37.9,16,1,105,1,0
Lyngbya subtilis,1,0,0,0,0,0,0,217,16,1,105,1,0,217,16,1,105,1,0
Mallomonas questionable,1,0,0,0,0,0,0,202.3,16,1,105,1,0,202.3,16,1,105,1,0
Mallomonas sp.,0,0,0,0,0,0,0,71.1,16,6,105,12,0,71.1,16,6,105,12,0
Microcystis aeruginosa cell,1,0,0,0,0,0,0,103183.0374,16,11,105,41,0,103183.0374,16,11,105,41,0
Microcystis aeruginosa colony,1,0,0,0,0,0,0,254259.2626,16,15,105,54,0,254259.2626,16,15,105,54,0
Microcystis flosaquae,1,0,0,0,0,0,0,7860.9,16,2,105,2,0,7860.9,16,2,105,2,0
Microcystis novacekii,1,0,0,0,0,0,0,2120.1,16,1,105,2,0,2120.1,16,1,105,2,0
Microcystis sp. (single),1,0,0,0,0,0,0,78536,16,2,105,10,0,78536,16,2,105,10,0
Microcystis wesenbergii,1,0,0,0,0,0,0,12710.3,16,4,105,8,0,12710.3,16,4,105,8,0
Misc. algae,0,0,0,0,0,0,0,115.7,16,1,105,1,0,115.7,16,1,105,1,0
Misc. Diatom,0,0,0,0,0,0,0,2.6,16,1,105,1,0,2.6,16,1,105,1,0
Misc. flagellated chrysophyte,0,0,0,0,0,0,0,12.1,16,2,105,2,0,12.1,16,2,105,2,0
Misc. microflagellate,0,0,0,0,0,0,0,15203.2755,16,9,105,53,0,15203.2755,16,9,105,53,0
Monomastix astigmata,1,0,0,0,0,0,0,23.8,16,3,105,3,0,23.8,16,3,105,3,0
Monomastix minuta,1,0,0,0,0,0,0,2.8,16,2,105,2,0,2.8,16,2,105,2,0
Monoraphidium arcuatum,1,0,0,0,0,0,0,380.9,16,11,105,19,0,380.9,16,11,105,19,0
Monoraphidium capricornutum,1,0,0,0,0,0,0,1165.04,16,11,105,22,0,1165.04,16,11,105,22,0
Monoraphidium sp.,1,0,0,0,0,0,0,17.4,16,1,105,1,0,17.4,16,1,105,1,0
Myxobaktron salinum,1,0,0,0,0,0,0,12.5,16,2,105,2,0,12.5,16,2,105,2,0
Nannochloris atomus,1,0,0,0,0,0,0,9567.2247,16,2,105,7,0,9567.2247,16,2,105,7,0
Navicula cf. lacunolaciniata,1,0,0,0,0,0,0,1.7,16,1,105,1,0,1.7,16,1,105,1,0
Navicula cryptocephala,1,0,0,0,0,0,0,11.4,16,1,105,1,0,11.4,16,1,105,1,0
Navicula pelliculosa,1,0,0,0,0,0,0,1.7,16,1,105,1,0,1.7,16,1,105,1,0
Navicula pupula,1,0,0,0,0,0,0,2.6,16,1,105,1,0,2.6,16,1,105,1,0
Navicula sp.,1,0,0,0,0,0,0,43.977,16,4,105,5,0,43.977,16,4,105,5,0
Navicula tripunctata,1,0,0,0,0,0,0,2.3,16,1,105,1,0,2.3,16,1,105,1,0
Navicula viridula,1,0,0,0,0,0,0,1.2,16,1,105,1,0,1.2,16,1,105,1,0
Nitzschia fonticola,1,0,0,0,0,0,0,1.7,16,1,105,1,0,1.7,16,1,105,1,0
Nitzschia gracilis,1,0,0,0,0,0,0,107.1,16,5,105,8,0,107.1,16,5,105,8,0
Nitzschia inconspicua,1,0,0,0,0,0,0,1.7,16,1,105,1,0,1.7,16,1,105,1,0
Nitzschia intermedia,1,0,0,0,0,0,0,2.2,16,1,105,1,0,2.2,16,1,105,1,0
Nitzschia palea,1,0,0,0,0,0,0,2351.1692,16,13,105,43,0,2351.1692,16,13,105,43,0
Nitzschia sp.,1,0,0,0,0,0,0,5.2,16,1,105,1,0,5.2,16,1,105,1,0
Nonmotile Chrysophytes,1,0,0,0,0,0,0,14.7,16,2,105,5,0,14.7,16,2,105,5,0
Ochromonas sp.,1,0,0,0,0,0,0,16.5,16,1,105,3,0,16.5,16,1,105,3,0
Oocystis parva,1,0,0,0,0,0,0,390.3877,16,15,105,26,0,390.3877,16,15,105,26,0
Oocystis pusilla,1,0,0,0,0,0,0,45.8,16,4,105,4,0,45.8,16,4,105,4,0
Oscillatoria amphibia,1,0,0,0,0,0,0,254.6,16,1,105,2,0,254.6,16,1,105,2,0
Oscillatoria angustissima,1,0,0,0,0,0,0,149.5,16,2,105,2,0,149.5,16,2,105,2,0
Oscillatoria hamelii,1,0,0,0,0,0,0,23.9,16,1,105,1,0,23.9,16,1,105,1,0
Oscillatoria tenuis,1,0,0,0,0,0,0,23841.4,16,2,105,10,0,23841.4,16,2,105,10,0
Pediastrum simplex,1,0,0,0,0,0,0,13.2,16,1,105,1,0,13.2,16,1,105,1,0
Pediastrum sp.,1,0,0,0,0,0,0,210.4,16,5,105,6,0,210.4,16,5,105,6,0
Peridinium sp.,1,0,0,0,0,0,0,9.3,16,3,105,3,0,9.3,16,3,105,3,0
Peridinium umbonatum,1,0,0,0,0,0,0,31,16,6,105,6,0,31,16,6,105,6,0
Phacotus sp.,1,0,0,0,0,0,0,8.1,16,3,105,3,0,8.1,16,3,105,3,0
Planktothrix agardhii,1,0,0,0,0,0,0,60.6,16,1,105,1,0,60.6,16,1,105,1,0
Pseudanabaena  franquetii large,1,0,0,0,0,0,0,531.7,16,2,105,2,0,531.7,16,2,105,2,0
Pseudanabaena  franquetii small,1,0,0,0,0,0,0,11.6,16,1,105,1,0,11.6,16,1,105,1,0
Pseudanabaena galeata,1,0,0,0,0,0,0,4594.5,16,4,105,5,0,4594.5,16,4,105,5,0
Pseudanabaena limnetica,1,0,0,0,0,0,0,11320.6725,16,12,105,21,0,11320.6725,16,12,105,21,0
Pseudanabaena mucicola,1,0,0,0,0,0,0,75056.645,16,12,105,42,0,75056.645,16,12,105,42,0
Pseudanabaena sp.,1,0,0,0,0,0,0,1112.7,16,5,105,6,0,1112.7,16,5,105,6,0
Pyramichlamys dissecta,1,0,0,0,0,0,0,190.7231,16,9,105,14,0,190.7231,16,9,105,14,0
Pyramimonas sp.,1,0,0,0,0,0,0,4.3,16,1,105,1,0,4.3,16,1,105,1,0
Rhabdoderma lineare,1,0,0,0,0,0,0,1747.4,16,4,105,5,0,1747.4,16,4,105,5,0
Rhabdogloea scenedesmoides,1,0,0,0,0,0,0,45.1698,16,1,105,1,0,45.1698,16,1,105,1,0
Rhodomonas minuta,1,0,0,0,0,0,0,159.7,16,7,105,11,0,159.7,16,7,105,11,0
Rhodomonas minuta (v. nannoplanctica),1,0,0,0,0,0,0,15857.1185,16,16,105,99,0,15857.1185,16,16,105,99,0
Scenedesmus bicaudatus,1,0,0,0,0,0,0,8.8,16,1,105,1,0,8.8,16,1,105,1,0
Scenedesmus brasiliensis,1,0,0,0,0,0,0,49.6,16,1,105,1,0,49.6,16,1,105,1,0
Scenedesmus intermedius,1,0,0,0,0,0,0,241.5,16,3,105,5,0,241.5,16,3,105,5,0
Scenedesmus obliquus,1,0,0,0,0,0,0,5.2,16,1,105,1,0,5.2,16,1,105,1,0
Scenedesmus opaliensis,1,0,0,0,0,0,0,75.0385,16,2,105,3,0,75.0385,16,2,105,3,0
Scenedesmus quadricauda,1,0,0,0,0,0,0,51.8,16,4,105,4,0,51.8,16,4,105,4,0
Scenedesmus quadricauda (v. longispina),1,0,0,0,0,0,0,1.4,16,1,105,1,0,1.4,16,1,105,1,0
Scenedesmus semipulcher,1,0,0,0,0,0,0,49.6,16,1,105,1,0,49.6,16,1,105,1,0
Scenedesmus serratus,1,0,0,0,0,0,0,365.1,16,4,105,7,0,365.1,16,4,105,7,0
Scenedesmus sp.,1,0,0,0,0,0,0,56,16,3,105,3,0,56,16,3,105,3,0
Scenedesmus sp. 2,1,0,0,0,0,0,0,34.7,16,1,105,1,0,34.7,16,1,105,1,0
Schroederia judayi,1,0,0,0,0,0,0,461.8938,16,13,105,31,0,461.8938,16,13,105,31,0
Schroederia setigera,1,0,0,0,0,0,0,127.3,16,9,105,16,0,127.3,16,9,105,16,0
Selenastrum minutum,1,0,0,0,0,0,0,8.5,16,1,105,1,0,8.5,16,1,105,1,0
Skeletonema potamos,1,0,0,0,0,0,0,65.2,16,3,105,4,0,65.2,16,3,105,4,0
Spermatozopsis exsultans,1,0,0,0,0,0,0,15.5,16,3,105,3,0,15.5,16,3,105,3,0
Spirulina sp.,1,0,0,0,0,0,0,10.4,16,1,105,1,0,10.4,16,1,105,1,0
Staurastrum sp.,1,0,0,0,0,0,0,0.2,16,1,105,1,0,0.2,16,1,105,1,0
Staurosira cf construens,1,0,0,0,0,0,0,2.6,16,1,105,1,0,2.6,16,1,105,1,0
Staurosira construens,1,0,0,0,0,0,0,5.2,16,1,105,1,0,5.2,16,1,105,1,0
Staurosira construens (var. venter),1,0,0,0,0,0,0,36.2,16,6,105,7,0,36.2,16,6,105,7,0
Stephanodiscus binderanus,1,0,0,0,0,0,0,16.9,16,1,105,1,0,16.9,16,1,105,1,0
Stephanodiscus hantzschii,1,0,0,0,0,0,0,98.9938,16,5,105,6,0,98.9938,16,5,105,6,0
Stephanodiscus medius,1,0,0,0,0,0,0,22,16,5,105,6,0,22,16,5,105,6,0
Stephanodiscus minutulus,1,0,0,0,0,0,0,16.9385,16,1,105,1,0,16.9385,16,1,105,1,0
Stephanodiscus niagarae,1,0,0,0,0,0,0,283.1,16,7,105,19,0,283.1,16,7,105,19,0
Stephanodiscus parvus,1,0,0,0,0,0,0,2885.3692,16,13,105,54,0,2885.3692,16,13,105,54,0
Synechococcus  leopoliensis,1,0,0,0,0,0,0,5.2,16,1,105,1,0,5.2,16,1,105,1,0
Synechococcus elongatus,1,0,0,0,0,0,0,25392.9087,16,10,105,38,0,25392.9087,16,10,105,38,0
Synechococcus sp. 1,1,0,0,0,0,0,0,612958.7474,16,12,105,67,0,612958.7474,16,12,105,67,0
Synechocystis sp. spherical >=2,1,0,0,0,0,0,0,3808.5,16,3,105,7,0,3808.5,16,3,105,7,0
Synedra cyclopum cyst,1,0,0,0,0,0,0,19.8,16,1,105,3,0,19.8,16,1,105,3,0
Synedra delicatissima,1,0,0,0,0,0,0,22.7,16,1,105,1,0,22.7,16,1,105,1,0
Synedra filiformis,1,0,0,0,0,0,0,32.8,16,3,105,3,0,32.8,16,3,105,3,0
Synedra nana,1,0,0,0,0,0,0,4.3,16,1,105,1,0,4.3,16,1,105,1,0
Synedra tenera,1,0,0,0,0,0,0,93.5,16,10,105,19,0,93.5,16,10,105,19,0
Synura sp.,1,0,0,0,0,0,0,5.3,16,2,105,3,0,5.3,16,2,105,3,0
Teilingia granulata,1,0,0,0,0,0,0,3.2,16,1,105,1,0,3.2,16,1,105,1,0
Tetracystis pulchra,1,0,0,0,0,0,0,18.2,16,1,105,1,0,18.2,16,1,105,1,0
Tetraedron regulare,1,0,0,0,0,0,0,11.4,16,1,105,1,0,11.4,16,1,105,1,0
Tetrastrum staurogeniaeforme,1,0,0,0,0,0,0,12.1,16,1,105,1,0,12.1,16,1,105,1,0
Trachelomonas sp.,1,0,0,0,0,0,0,1.6938,16,1,105,1,0,1.6938,16,1,105,1,0
Treubaria setigera,1,0,0,0,0,0,0,41.8,16,2,105,3,0,41.8,16,2,105,3,0
Uroglena sp.,1,0,0,0,0,0,0,223.7,16,5,105,11,0,223.7,16,5,105,11,0